[{"id":1, "sender_account_number":"1234567890", "sender_branch":"Branch A", "receiver_account_number":"2345678901", "receiver_branch":"Branch B", "plus_minus":"minus", "way_of_payment":"Cash", "reason":"Payment for services", "date":"2023-07-05", "amount":50.0},
 {"id":3, "sender_account_number":"5678901234", "sender_branch":"Branch B", "receiver_account_number":"6789012345", "receiver_branch":"Branch C", "plus_minus":"minus", "way_of_payment":"Credit Card", "reason":"Purchase of electronics", "date":"2023-07-05", "amount":500.0},
 {"id":7, "sender_account_number":"6789012345", "sender_branch":"Branch C", "receiver_account_number":"9012345678", "receiver_branch":"Branch C", "plus_minus":"minus", "way_of_payment":"Credit Card", "reason":"Shopping expenses", "date":"2023-07-06", "amount":250.0},
 {"id":9, "sender_account_number":"4567890123", "sender_branch":"Branch C", "receiver_account_number":"2345678901", "receiver_branch":"Branch B", "plus_minus":"minus", "way_of_payment":"Cash", "reason":"Dining out", "date":"2023-07-06", "amount":50.0},
 {"id":10, "sender_account_number":"1234567890", "sender_branch":"Branch A", "receiver_account_number":"9012345678", "receiver_branch":"Branch C", "plus_minus":"plus", "way_of_payment":"Online Transfer", "reason":"Loan repayment", "date":"2023-07-06", "amount":600.0},
 {"id":11, "sender_account_number":"1234567890", "sender_branch":"Branch A", "receiver_account_number":"2345678901", "receiver_branch":"Branch B", "plus_minus":"minus", "way_of_payment":"Cash", "reason":"Payment for services", "date":"2023-07-08", "amount":80.0},
 {"id":12, "sender_account_number":"1234567890", "sender_branch":"Branch A", "receiver_account_number":"2345678901", "receiver_branch":"Branch B", "plus_minus":"minus", "way_of_payment":"Cash", "reason":"Payment for services", "date":"2023-07-09", "amount":70.0},
 {"id":13, "sender_account_number":"1234567890", "sender_branch":"Branch A", "receiver_account_number":"2345678901", "receiver_branch":"Branch B", "plus_minus":"minus", "way_of_payment":"Cash", "reason":"Payment for services", "date":"2023-07-10", "amount":90.0},
 {"id":14, "sender_account_number":"1234567890", "sender_branch":"Branch A", "receiver_account_number":"2345678901", "receiver_branch":"Branch B", "plus_minus":"minus", "way_of_payment":"Cash", "reason":"Payment for services", "date":"2023-07-11", "amount":100.0},
 {"id":15, "sender_account_number":"1234567890", "sender_branch":"Branch A", "receiver_account_number":"2345678901", "receiver_branch":"Branch B", "plus_minus":"minus", "way_of_payment":"Cash", "reason":"Payment for services", "date":"2023-07-12", "amount":120.0},
 {"id":16, "sender_account_number":"1234567890", "sender_branch":"Branch A", "receiver_account_number":"2345678901", "receiver_branch":"Branch B", "plus_minus":"minus", "way_of_payment":"Cash", "reason":"Payment for services", "date":"2023-07-13", "amount":85.0},
 {"id":17, "sender_account_number":"2345678901", "sender_branch":"Branch B", "receiver_account_number":"1234567890", "receiver_branch":"Branch A", "plus_minus":"minus", "way_of_payment":"Cash", "reason":"Payment for services", "date":"2023-07-13", "amount":99.0},
 {"id":18, "sender_account_number":"2345678901", "sender_branch":"Branch B", "receiver_account_number":"1234567890", "receiver_branch":"Branch A", "plus_minus":"minus", "way_of_payment":"Cash", "reason":"Payment for services", "date":"2023-07-08", "amount":10.0},
 {"id":19, "sender_account_number":"2345678901", "sender_branch":"Branch B", "receiver_account_number":"1234567890", "receiver_branch":"Branch A", "plus_minus":"minus", "way_of_payment":"Cash", "reason":"Payment for services", "date":"2023-07-09", "amount":20.0},
 {"id":20, "sender_account_number":"2345678901", "sender_branch":"Branch B", "receiver_account_number":"1234567890", "receiver_branch":"Branch A", "plus_minus":"minus", "way_of_payment":"Cash", "reason":"Payment for services", "date":"2023-07-10", "amount":30.0},
 {"id":21, "sender_account_number":"2345678901", "sender_branch":"Branch B", "receiver_account_number":"1234567890", "receiver_branch":"Branch A", "plus_minus":"minus", "way_of_payment":"Cash", "reason":"Payment for services", "date":"2023-07-11", "amount":40.0},
 {"id":22, "sender_account_number":"2345678901", "sender_branch":"Branch B", "receiver_account_number":"1234567890", "receiver_branch":"Branch A", "plus_minus":"minus", "way_of_payment":"Cash", "reason":"Payment for services", "date":"2023-07-12", "amount":50.0},
 {"id":23, "sender_account_number":"2345678901", "sender_branch":"Branch B", "receiver_account_number":"1234567890", "receiver_branch":"Branch A", "plus_minus":"minus", "way_of_payment":"Cash", "reason":"Payment for services", "date":"2023-07-13", "amount":60.0},
 {"id":24, "sender_account_number":"1234567890", "sender_branch":"Branch A", "receiver_account_number":"2345678901", "receiver_branch":"Branch B", "plus_minus":"minus", "way_of_payment":"Online Transfer", "reason":"because i love you", "date":"2023-07-10", "amount":200.0},
 {"id":25, "sender_account_number":"1234567890", "sender_branch":"Branch A", "receiver_account_number":"2345678901", "receiver_branch":"Branch B", "plus_minus":"plus", "way_of_payment":"Online Transfer", "reason":"hiiii", "date":"2023-07-26", "amount":120.0},
 {"id":26, "sender_account_number":"1234567890", "sender_branch":"Branch A", "receiver_account_number":"2345678901", "receiver_branch":"Branch B", "plus_minus":"plus", "way_of_payment":"Online Transfer", "reason":"cause i love you", "date":"2023-07-26", "amount":130.0},
 {"id":27, "sender_account_number":"1234567890", "sender_branch":"Branch A", "receiver_account_number":"2345678901", "receiver_branch":"Branch B", "plus_minus":"plus", "way_of_payment":"Online Transfer", "reason":"cause i love you", "date":"2023-07-26", "amount":180.0},
 {"id":28, "sender_account_number":"1234567890", "sender_branch":"Branch A", "receiver_account_number":"2345678901", "receiver_branch":"Branch B", "plus_minus":"plus", "way_of_payment":"Online Transfer", "reason":"cause i love you 2", "date":"2023-07-26", "amount":215.0},
 {"id":29, "sender_account_number":"1234567890", "sender_branch":"Branch A", "receiver_account_number":"2345678901", "receiver_branch":"Branch B", "plus_minus":"plus", "way_of_payment":"Online Transfer", "reason":"Reason 1", "date":"2023-07-27", "amount":200.0},
 {"id":31, "sender_account_number":"1234567890", "sender_branch":"Branch A", "receiver_account_number":"2345678901", "receiver_branch":"Branch B", "plus_minus":"plus", "way_of_payment":"Online Transfer", "reason":"Reason 1", "date":"2023-07-27", "amount":200.0},
 {"id":33, "sender_account_number":"1234567890", "sender_branch":"Branch A", "receiver_account_number":"2345678901", "receiver_branch":"Branch B", "plus_minus":"plus", "way_of_payment":"Online Transfer", "reason":"Reason 1", "date":"2023-07-27", "amount":200.0},
 {"id":34, "sender_account_number":"9012345678", "sender_branch":"Branch C", "receiver_account_number":"8901234567", "receiver_branch":"Branch B", "plus_minus":"plus", "way_of_payment":"Online Transfer", "reason":"Reason 2", "date":"2023-07-27", "amount":300.0},
 {"id":35, "sender_account_number":"1234567890", "sender_branch":"Branch A", "receiver_account_number":"2345678901", "receiver_branch":"Branch B", "plus_minus":"plus", "way_of_payment":"Online Transfer", "reason":"Reason 1", "date":"2023-07-27", "amount":200.0},
 {"id":36, "sender_account_number":"9012345678", "sender_branch":"Branch C", "receiver_account_number":"8901234567", "receiver_branch":"Branch B", "plus_minus":"plus", "way_of_payment":"Online Transfer", "reason":"Reason 2", "date":"2023-07-27", "amount":300.0},
 {"id":37, "sender_account_number":"1234567890", "sender_branch":"Branch A", "receiver_account_number":"2345678901", "receiver_branch":"Branch B", "plus_minus":"plus", "way_of_payment":"Online Transfer", "reason":"Reason 1", "date":"2023-07-27", "amount":200.0},
 {"id":38, "sender_account_number":"9012345678", "sender_branch":"Branch C", "receiver_account_number":"8901234567", "receiver_branch":"Branch B", "plus_minus":"plus", "way_of_payment":"Online Transfer", "reason":"Reason 2", "date":"2023-07-27", "amount":300.0},
 {"id":39, "sender_account_number":"1234567890", "sender_branch":"Branch A", "receiver_account_number":"2345678901", "receiver_branch":"Branch B", "plus_minus":"plus", "way_of_payment":"Online Transfer", "reason":"Reason 1", "date":"2023-07-27", "amount":200.0},
 {"id":40, "sender_account_number":"9012345678", "sender_branch":"Branch C", "receiver_account_number":"8901234567", "receiver_branch":"Branch B", "plus_minus":"plus", "way_of_payment":"Online Transfer", "reason":"Reason 2", "date":"2023-07-27", "amount":300.0},
 {"id":41, "sender_account_number":"1234567890", "sender_branch":"Branch A", "receiver_account_number":"2345678901", "receiver_branch":"Branch B", "plus_minus":"plus", "way_of_payment":"Online Transfer", "reason":"Reason 1", "date":"2023-07-27", "amount":200.0},
 {"id":42, "sender_account_number":"9012345678", "sender_branch":"Branch C", "receiver_account_number":"8901234567", "receiver_branch":"Branch B", "plus_minus":"plus", "way_of_payment":"Online Transfer", "reason":"Reason 2", "date":"2023-07-27", "amount":300.0},
 {"id":43, "sender_account_number":"1234567890", "sender_branch":"Branch A", "receiver_account_number":"2345678901", "receiver_branch":"Branch B", "plus_minus":"plus", "way_of_payment":"Online Transfer", "reason":"Reason 1", "date":"2023-07-27", "amount":200.0},
 {"id":44, "sender_account_number":"9012345678", "sender_branch":"Branch C", "receiver_account_number":"8901234567", "receiver_branch":"Branch B", "plus_minus":"plus", "way_of_payment":"Online Transfer", "reason":"Reason 2", "date":"2023-07-27", "amount":300.0},
 {"id":45, "sender_account_number":"1234567890", "sender_branch":"Branch A", "receiver_account_number":"2345678901", "receiver_branch":"Branch B", "plus_minus":"plus", "way_of_payment":"Online Transfer", "reason":"cause i love you", "date":"2023-07-27", "amount":12.0},
 {"id":46, "sender_account_number":"1234567890", "sender_branch":"Branch A", "receiver_account_number":"2345678901", "receiver_branch":"Branch B", "plus_minus":"plus", "way_of_payment":"Online Transfer", "reason":"Reason 1", "date":"2023-07-27", "amount":200.0},
 {"id":47, "sender_account_number":"9012345678", "sender_branch":"Branch C", "receiver_account_number":"8901234567", "receiver_branch":"Branch B", "plus_minus":"plus", "way_of_payment":"Online Transfer", "reason":"Reason 2", "date":"2023-07-27", "amount":300.0},
 {"id":48, "sender_account_number":"1234567890", "sender_branch":"Branch A", "receiver_account_number":"2345678901", "receiver_branch":"Branch B", "plus_minus":"plus", "way_of_payment":"Online Transfer", "reason":"Reason 1", "date":"2023-07-27", "amount":11.0},
 {"id":49, "sender_account_number":"1234567890", "sender_branch":"Branch A", "receiver_account_number":"2345678901", "receiver_branch":"Branch B", "plus_minus":"plus", "way_of_payment":"Online Transfer", "reason":"Reason 1", "date":"2023-07-27", "amount":22.0},
 {"id":50, "sender_account_number":"1234567890", "sender_branch":"Branch A", "receiver_account_number":"2345678901", "receiver_branch":"Branch B", "plus_minus":"plus", "way_of_payment":"Online Transfer", "reason":"Reason 1", "date":"2023-07-27", "amount":33.0},
 {"id":51, "sender_account_number":"9012345678", "sender_branch":"Branch C", "receiver_account_number":"8901234567", "receiver_branch":"Branch B", "plus_minus":"plus", "way_of_payment":"Online Transfer", "reason":"Reason 2", "date":"2023-07-27", "amount":34.0},
 {"id":52, "sender_account_number":"1234567890", "sender_branch":"Branch A", "receiver_account_number":"2345678901", "receiver_branch":"Branch B", "plus_minus":"plus", "way_of_payment":"Online Transfer", "reason":"cause i love you", "date":"2023-07-27", "amount":13.0},
 {"id":53, "sender_account_number":"1234567890", "sender_branch":"Branch A", "receiver_account_number":"2345678901", "receiver_branch":"Branch B", "plus_minus":"plus", "way_of_payment":"Online Transfer", "reason":"Reason 1", "date":"2023-07-27", "amount":200.0},
 {"id":54, "sender_account_number":"9012345678", "sender_branch":"Branch C", "receiver_account_number":"8901234567", "receiver_branch":"Branch B", "plus_minus":"plus", "way_of_payment":"Online Transfer", "reason":"Reason 2", "date":"2023-07-27", "amount":300.0},
 {"id":55, "sender_account_number":"1234567890", "sender_branch":"Branch A", "receiver_account_number":"2345678901", "receiver_branch":"Branch B", "plus_minus":"plus", "way_of_payment":"Online Transfer", "reason":"Reason 1", "date":"2023-07-27", "amount":11.0},
 {"id":56, "sender_account_number":"1234567890", "sender_branch":"Branch A", "receiver_account_number":"2345678901", "receiver_branch":"Branch B", "plus_minus":"plus", "way_of_payment":"Online Transfer", "reason":"Reason 1", "date":"2023-07-27", "amount":22.0},
 {"id":57, "sender_account_number":"1234567890", "sender_branch":"Branch A", "receiver_account_number":"2345678901", "receiver_branch":"Branch B", "plus_minus":"plus", "way_of_payment":"Online Transfer", "reason":"Reason 1", "date":"2023-07-27", "amount":33.0},
 {"id":58, "sender_account_number":"9012345678", "sender_branch":"Branch C", "receiver_account_number":"8901234567", "receiver_branch":"Branch B", "plus_minus":"plus", "way_of_payment":"Online Transfer", "reason":"Reason 2", "date":"2023-07-27", "amount":34.0},
 {"id":59, "sender_account_number":"1234567890", "sender_branch":"Branch A", "receiver_account_number":"2345678901", "receiver_branch":"Branch B", "plus_minus":"plus", "way_of_payment":"Online Transfer", "reason":"cause i love you", "date":"2023-07-27", "amount":13.0},
 {"id":60, "sender_account_number":"1234567890", "sender_branch":"Branch A", "receiver_account_number":"2345678901", "receiver_branch":"Branch B", "plus_minus":"plus", "way_of_payment":"Online Transfer", "reason":"cause i love you more", "date":"2023-07-28", "amount":19.0},
 {"id":61, "sender_account_number":"1234567890", "sender_branch":"Branch A", "receiver_account_number":"2345678901", "receiver_branch":"Branch B", "plus_minus":"plus", "way_of_payment":"Online Transfer", "reason":"Reason 1", "date":"2023-07-28", "amount":200.0},
 {"id":62, "sender_account_number":"9012345678", "sender_branch":"Branch C", "receiver_account_number":"8901234567", "receiver_branch":"Branch B", "plus_minus":"plus", "way_of_payment":"Online Transfer", "reason":"Reason 2", "date":"2023-07-28", "amount":300.0},
 {"id":63, "sender_account_number":"1234567890", "sender_branch":"Branch A", "receiver_account_number":"2345678901", "receiver_branch":"Branch B", "plus_minus":"plus", "way_of_payment":"Online Transfer", "reason":"Reason 1", "date":"2023-07-28", "amount":11.0},
 {"id":64, "sender_account_number":"1234567890", "sender_branch":"Branch A", "receiver_account_number":"2345678901", "receiver_branch":"Branch B", "plus_minus":"plus", "way_of_payment":"Online Transfer", "reason":"Reason 1", "date":"2023-07-28", "amount":22.0},
 {"id":65, "sender_account_number":"1234567890", "sender_branch":"Branch A", "receiver_account_number":"2345678901", "receiver_branch":"Branch B", "plus_minus":"plus", "way_of_payment":"Online Transfer", "reason":"Reason 1", "date":"2023-07-28", "amount":33.0},
 {"id":66, "sender_account_number":"9012345678", "sender_branch":"Branch C", "receiver_account_number":"8901234567", "receiver_branch":"Branch B", "plus_minus":"plus", "way_of_payment":"Online Transfer", "reason":"Reason 2", "date":"2023-07-28", "amount":34.0},
 {"id":67, "sender_account_number":"1234567890", "sender_branch":"Branch A", "receiver_account_number":"2345678901", "receiver_branch":"Branch B", "plus_minus":"plus", "way_of_payment":"Online Transfer", "reason":"cause i love you", "date":"2023-07-28", "amount":13.0},
 {"id":68, "sender_account_number":"1234567890", "sender_branch":"Branch A", "receiver_account_number":"2345678901", "receiver_branch":"Branch B", "plus_minus":"plus", "way_of_payment":"Online Transfer", "reason":"cause i love you 2", "date":"2023-07-28", "amount":19.0},
 {"id":69, "sender_account_number":"1234567890", "sender_branch":"Branch A", "receiver_account_number":"2345678901", "receiver_branch":"Branch B", "plus_minus":"plus", "way_of_payment":"Online Transfer", "reason":"Reason 1", "date":"2023-07-28", "amount":200.0},
 {"id":70, "sender_account_number":"9012345678", "sender_branch":"Branch C", "receiver_account_number":"8901234567", "receiver_branch":"Branch B", "plus_minus":"plus", "way_of_payment":"Online Transfer", "reason":"Reason 2", "date":"2023-07-28", "amount":300.0},
 {"id":71, "sender_account_number":"1234567890", "sender_branch":"Branch A", "receiver_account_number":"2345678901", "receiver_branch":"Branch B", "plus_minus":"plus", "way_of_payment":"Online Transfer", "reason":"Reason 1", "date":"2023-07-28", "amount":11.0},
 {"id":72, "sender_account_number":"1234567890", "sender_branch":"Branch A", "receiver_account_number":"2345678901", "receiver_branch":"Branch B", "plus_minus":"plus", "way_of_payment":"Online Transfer", "reason":"Reason 1", "date":"2023-07-28", "amount":22.0},
 {"id":73, "sender_account_number":"1234567890", "sender_branch":"Branch A", "receiver_account_number":"2345678901", "receiver_branch":"Branch B", "plus_minus":"plus", "way_of_payment":"Online Transfer", "reason":"Reason 1", "date":"2023-07-28", "amount":33.0},
 {"id":74, "sender_account_number":"9012345678", "sender_branch":"Branch C", "receiver_account_number":"8901234567", "receiver_branch":"Branch B", "plus_minus":"plus", "way_of_payment":"Online Transfer", "reason":"Reason 2", "date":"2023-07-28", "amount":34.0},
 {"id":75, "sender_account_number":"1234567890", "sender_branch":"Branch A", "receiver_account_number":"2345678901", "receiver_branch":"Branch B", "plus_minus":"plus", "way_of_payment":"Online Transfer", "reason":"cause i love you", "date":"2023-07-28", "amount":13.0},
 {"id":76, "sender_account_number":"1234567890", "sender_branch":"Branch A", "receiver_account_number":"2345678901", "receiver_branch":"Branch B", "plus_minus":"plus", "way_of_payment":"Online Transfer", "reason":"cause i love you 2", "date":"2023-07-28", "amount":19.0},
 {"id":77, "sender_account_number":"1234567890", "sender_branch":"Branch A", "receiver_account_number":"2345678901", "receiver_branch":"Branch B", "plus_minus":"plus", "way_of_payment":"Online Transfer", "reason":"Reason 1", "date":"2023-07-28", "amount":200.0},
 {"id":78, "sender_account_number":"9012345678", "sender_branch":"Branch C", "receiver_account_number":"8901234567", "receiver_branch":"Branch B", "plus_minus":"plus", "way_of_payment":"Online Transfer", "reason":"Reason 2", "date":"2023-07-28", "amount":300.0},
 {"id":79, "sender_account_number":"1234567890", "sender_branch":"Branch A", "receiver_account_number":"2345678901", "receiver_branch":"Branch B", "plus_minus":"plus", "way_of_payment":"Online Transfer", "reason":"Reason 1", "date":"2023-07-28", "amount":11.0},
 {"id":80, "sender_account_number":"1234567890", "sender_branch":"Branch A", "receiver_account_number":"2345678901", "receiver_branch":"Branch B", "plus_minus":"plus", "way_of_payment":"Online Transfer", "reason":"Reason 1", "date":"2023-07-28", "amount":22.0},
 {"id":81, "sender_account_number":"1234567890", "sender_branch":"Branch A", "receiver_account_number":"2345678901", "receiver_branch":"Branch B", "plus_minus":"plus", "way_of_payment":"Online Transfer", "reason":"Reason 1", "date":"2023-07-28", "amount":33.0},
 {"id":82, "sender_account_number":"9012345678", "sender_branch":"Branch C", "receiver_account_number":"8901234567", "receiver_branch":"Branch B", "plus_minus":"plus", "way_of_payment":"Online Transfer", "reason":"Reason 2", "date":"2023-07-28", "amount":34.0},
 {"id":83, "sender_account_number":"1234567890", "sender_branch":"Branch A", "receiver_account_number":"2345678901", "receiver_branch":"Branch B", "plus_minus":"plus", "way_of_payment":"Online Transfer", "reason":"cause i love you", "date":"2023-07-28", "amount":13.0},
 {"id":84, "sender_account_number":"1234567890", "sender_branch":"Branch A", "receiver_account_number":"2345678901", "receiver_branch":"Branch B", "plus_minus":"plus", "way_of_payment":"Online Transfer", "reason":"cause i love you 2", "date":"2023-07-28", "amount":19.0},
 {"id":85, "sender_account_number":"2345678901", "sender_branch":"Branch B", "receiver_account_number":"1234567890", "receiver_branch":"Branch A", "plus_minus":"plus", "way_of_payment":"Online Transfer", "reason":"save you", "date":"2023-07-28", "amount":5000.0},
 {"id":86, "sender_account_number":"1234567890", "sender_branch":"Branch A", "receiver_account_number":"2345678901", "receiver_branch":"Branch B", "plus_minus":"plus", "way_of_payment":"Online Transfer", "reason":"Reason 1", "date":"2023-07-30", "amount":200.0},
 {"id":87, "sender_account_number":"9012345678", "sender_branch":"Branch C", "receiver_account_number":"8901234567", "receiver_branch":"Branch B", "plus_minus":"plus", "way_of_payment":"Online Transfer", "reason":"Reason 2", "date":"2023-07-30", "amount":300.0},
 {"id":88, "sender_account_number":"1234567890", "sender_branch":"Branch A", "receiver_account_number":"2345678901", "receiver_branch":"Branch B", "plus_minus":"plus", "way_of_payment":"Online Transfer", "reason":"Reason 1", "date":"2023-07-30", "amount":11.0},
 {"id":89, "sender_account_number":"1234567890", "sender_branch":"Branch A", "receiver_account_number":"2345678901", "receiver_branch":"Branch B", "plus_minus":"plus", "way_of_payment":"Online Transfer", "reason":"Reason 1", "date":"2023-07-30", "amount":22.0},
 {"id":90, "sender_account_number":"1234567890", "sender_branch":"Branch A", "receiver_account_number":"2345678901", "receiver_branch":"Branch B", "plus_minus":"plus", "way_of_payment":"Online Transfer", "reason":"Reason 1", "date":"2023-07-30", "amount":33.0},
 {"id":91, "sender_account_number":"9012345678", "sender_branch":"Branch C", "receiver_account_number":"8901234567", "receiver_branch":"Branch B", "plus_minus":"plus", "way_of_payment":"Online Transfer", "reason":"Reason 2", "date":"2023-07-30", "amount":34.0},
 {"id":92, "sender_account_number":"1234567890", "sender_branch":"Branch A", "receiver_account_number":"2345678901", "receiver_branch":"Branch B", "plus_minus":"plus", "way_of_payment":"Online Transfer", "reason":"cause i love you", "date":"2023-07-30", "amount":13.0},
 {"id":93, "sender_account_number":"1234567890", "sender_branch":"Branch A", "receiver_account_number":"2345678901", "receiver_branch":"Branch B", "plus_minus":"plus", "way_of_payment":"Online Transfer", "reason":"cause i love you 2", "date":"2023-07-30", "amount":19.0},
 {"id":94, "sender_account_number":"2345678901", "sender_branch":"Branch B", "receiver_account_number":"1234567890", "receiver_branch":"Branch A", "plus_minus":"plus", "way_of_payment":"Online Transfer", "reason":"returning ", "date":"2023-07-30", "amount":120.0},
 {"id":95, "sender_account_number":"1234567890", "sender_branch":"Branch A", "receiver_account_number":"2345678901", "receiver_branch":"Branch B", "plus_minus":"plus", "way_of_payment":"Online Transfer", "reason":"show", "date":"2023-07-31", "amount":20.0},
 {"id":96, "sender_account_number":"1234567890", "sender_branch":"Branch A", "receiver_account_number":"2345678901", "receiver_branch":"Branch B", "plus_minus":"plus", "way_of_payment":"Online Transfer", "reason":"Reason 1", "date":"2023-08-02", "amount":200.0},
 {"id":97, "sender_account_number":"9012345678", "sender_branch":"Branch C", "receiver_account_number":"8901234567", "receiver_branch":"Branch B", "plus_minus":"plus", "way_of_payment":"Online Transfer", "reason":"Reason 2", "date":"2023-08-02", "amount":300.0},
 {"id":98, "sender_account_number":"9012345678", "sender_branch":"Branch C", "receiver_account_number":"8901234567", "receiver_branch":"Branch B", "plus_minus":"plus", "way_of_payment":"Online Transfer", "reason":"Reason 2", "date":"2023-08-02", "amount":34.0},
 {"id":99, "sender_account_number":"1234567890", "sender_branch":"Branch A", "receiver_account_number":"2345678901", "receiver_branch":"Branch B", "plus_minus":"plus", "way_of_payment":"Online Transfer", "reason":"cause i love you 2", "date":"2023-08-02", "amount":19.0},
 {"id":100, "sender_account_number":"2345678901", "sender_branch":"Branch B", "receiver_account_number":"1234567890", "receiver_branch":"Branch A", "plus_minus":"plus", "way_of_payment":"Online Transfer", "reason":"returning ", "date":"2023-08-02", "amount":120.0},
 {"id":101, "sender_account_number":"1234567890", "sender_branch":"Branch A", "receiver_account_number":"2345678901", "receiver_branch":"Branch B", "plus_minus":"plus", "way_of_payment":"Online Transfer", "reason":"example", "date":"2023-08-02", "amount":16.0},
 {"id":102, "sender_account_number":"1234567890", "sender_branch":"Branch A", "receiver_account_number":"2345678901", "receiver_branch":"Branch B", "plus_minus":"plus", "way_of_payment":"Online Transfer", "reason":"new example", "date":"2023-08-02", "amount":20.0},
 {"id":103, "sender_account_number":"1234567890", "sender_branch":"Branch A", "receiver_account_number":"2345678901", "receiver_branch":"Branch B", "plus_minus":"plus", "way_of_payment":"Online Transfer", "reason":"Reason 1", "date":"2023-08-02", "amount":200.0},
 {"id":104, "sender_account_number":"9012345678", "sender_branch":"Branch C", "receiver_account_number":"8901234567", "receiver_branch":"Branch B", "plus_minus":"plus", "way_of_payment":"Online Transfer", "reason":"Reason 2", "date":"2023-08-02", "amount":300.0},
 {"id":105, "sender_account_number":"9012345678", "sender_branch":"Branch C", "receiver_account_number":"8901234567", "receiver_branch":"Branch B", "plus_minus":"plus", "way_of_payment":"Online Transfer", "reason":"Reason 2", "date":"2023-08-02", "amount":34.0},
 {"id":106, "sender_account_number":"1234567890", "sender_branch":"Branch A", "receiver_account_number":"2345678901", "receiver_branch":"Branch B", "plus_minus":"plus", "way_of_payment":"Online Transfer", "reason":"cause i love you 2", "date":"2023-08-02", "amount":19.0},
 {"id":107, "sender_account_number":"2345678901", "sender_branch":"Branch B", "receiver_account_number":"1234567890", "receiver_branch":"Branch A", "plus_minus":"plus", "way_of_payment":"Online Transfer", "reason":"returning ", "date":"2023-08-02", "amount":120.0},
 {"id":108, "sender_account_number":"1234567890", "sender_branch":"Branch A", "receiver_account_number":"2345678901", "receiver_branch":"Branch B", "plus_minus":"plus", "way_of_payment":"Online Transfer", "reason":"example", "date":"2023-08-02", "amount":16.0},
 {"id":109, "sender_account_number":"1234567890", "sender_branch":"Branch A", "receiver_account_number":"2345678901", "receiver_branch":"Branch B", "plus_minus":"plus", "way_of_payment":"Online Transfer", "reason":"new example", "date":"2023-08-02", "amount":20.0},
 {"id":110, "sender_account_number":"1234567890", "sender_branch":"Branch A", "receiver_account_number":"2345678901", "receiver_branch":"Branch B", "plus_minus":"plus", "way_of_payment":"Online Transfer", "reason":"Reason 1", "date":"2023-08-04", "amount":200.0},
 {"id":111, "sender_account_number":"9012345678", "sender_branch":"Branch C", "receiver_account_number":"8901234567", "receiver_branch":"Branch B", "plus_minus":"plus", "way_of_payment":"Online Transfer", "reason":"Reason 2", "date":"2023-08-04", "amount":300.0},
 {"id":112, "sender_account_number":"9012345678", "sender_branch":"Branch C", "receiver_account_number":"8901234567", "receiver_branch":"Branch B", "plus_minus":"plus", "way_of_payment":"Online Transfer", "reason":"Reason 2", "date":"2023-08-04", "amount":34.0},
 {"id":113, "sender_account_number":"1234567890", "sender_branch":"Branch A", "receiver_account_number":"2345678901", "receiver_branch":"Branch B", "plus_minus":"plus", "way_of_payment":"Online Transfer", "reason":"cause i love you 2", "date":"2023-08-04", "amount":19.0},
 {"id":114, "sender_account_number":"2345678901", "sender_branch":"Branch B", "receiver_account_number":"1234567890", "receiver_branch":"Branch A", "plus_minus":"plus", "way_of_payment":"Online Transfer", "reason":"returning ", "date":"2023-08-04", "amount":120.0},
 {"id":115, "sender_account_number":"1234567890", "sender_branch":"Branch A", "receiver_account_number":"2345678901", "receiver_branch":"Branch B", "plus_minus":"plus", "way_of_payment":"Online Transfer", "reason":"example", "date":"2023-08-04", "amount":16.0},
 {"id":116, "sender_account_number":"1234567890", "sender_branch":"Branch A", "receiver_account_number":"2345678901", "receiver_branch":"Branch B", "plus_minus":"plus", "way_of_payment":"Online Transfer", "reason":"new example", "date":"2023-08-04", "amount":20.0},
 {"id":117, "sender_account_number":"1234567890", "sender_branch":"Branch A", "receiver_account_number":"2345678901", "receiver_branch":"Branch B", "plus_minus":"plus", "way_of_payment":"Online Transfer", "reason":"Reason 1", "date":"2023-08-06", "amount":200.0},
 {"id":118, "sender_account_number":"9012345678", "sender_branch":"Branch C", "receiver_account_number":"8901234567", "receiver_branch":"Branch B", "plus_minus":"plus", "way_of_payment":"Online Transfer", "reason":"Reason 2", "date":"2023-08-06", "amount":300.0},
 {"id":119, "sender_account_number":"9012345678", "sender_branch":"Branch C", "receiver_account_number":"8901234567", "receiver_branch":"Branch B", "plus_minus":"plus", "way_of_payment":"Online Transfer", "reason":"Reason 2", "date":"2023-08-06", "amount":34.0},
 {"id":120, "sender_account_number":"1234567890", "sender_branch":"Branch A", "receiver_account_number":"2345678901", "receiver_branch":"Branch B", "plus_minus":"plus", "way_of_payment":"Online Transfer", "reason":"cause i love you 2", "date":"2023-08-06", "amount":19.0},
 {"id":121, "sender_account_number":"2345678901", "sender_branch":"Branch B", "receiver_account_number":"1234567890", "receiver_branch":"Branch A", "plus_minus":"plus", "way_of_payment":"Online Transfer", "reason":"returning ", "date":"2023-08-06", "amount":120.0},
 {"id":122, "sender_account_number":"1234567890", "sender_branch":"Branch A", "receiver_account_number":"2345678901", "receiver_branch":"Branch B", "plus_minus":"plus", "way_of_payment":"Online Transfer", "reason":"example", "date":"2023-08-06", "amount":16.0},
 {"id":123, "sender_account_number":"1234567890", "sender_branch":"Branch A", "receiver_account_number":"2345678901", "receiver_branch":"Branch B", "plus_minus":"plus", "way_of_payment":"Online Transfer", "reason":"new example", "date":"2023-08-06", "amount":20.0},
 {"id":124, "sender_account_number":"1234567890", "sender_branch":"Branch A", "receiver_account_number":"2345678901", "receiver_branch":"Branch B", "plus_minus":"plus", "way_of_payment":"Online Transfer", "reason":"Reason 1", "date":"2023-08-06", "amount":200.0},
 {"id":125, "sender_account_number":"9012345678", "sender_branch":"Branch C", "receiver_account_number":"8901234567", "receiver_branch":"Branch B", "plus_minus":"plus", "way_of_payment":"Online Transfer", "reason":"Reason 2", "date":"2023-08-06", "amount":300.0},
 {"id":126, "sender_account_number":"9012345678", "sender_branch":"Branch C", "receiver_account_number":"8901234567", "receiver_branch":"Branch B", "plus_minus":"plus", "way_of_payment":"Online Transfer", "reason":"Reason 2", "date":"2023-08-06", "amount":34.0},
 {"id":127, "sender_account_number":"1234567890", "sender_branch":"Branch A", "receiver_account_number":"2345678901", "receiver_branch":"Branch B", "plus_minus":"plus", "way_of_payment":"Online Transfer", "reason":"cause i love you 2", "date":"2023-08-06", "amount":19.0},
 {"id":128, "sender_account_number":"2345678901", "sender_branch":"Branch B", "receiver_account_number":"1234567890", "receiver_branch":"Branch A", "plus_minus":"plus", "way_of_payment":"Online Transfer", "reason":"returning ", "date":"2023-08-06", "amount":120.0},
 {"id":129, "sender_account_number":"1234567890", "sender_branch":"Branch A", "receiver_account_number":"2345678901", "receiver_branch":"Branch B", "plus_minus":"plus", "way_of_payment":"Online Transfer", "reason":"example", "date":"2023-08-06", "amount":16.0},
 {"id":130, "sender_account_number":"1234567890", "sender_branch":"Branch A", "receiver_account_number":"2345678901", "receiver_branch":"Branch B", "plus_minus":"plus", "way_of_payment":"Online Transfer", "reason":"new example", "date":"2023-08-06", "amount":20.0},
 {"id":131, "sender_account_number":"1234567890", "sender_branch":"Branch A", "receiver_account_number":"2345678901", "receiver_branch":"Branch B", "plus_minus":"plus", "way_of_payment":"Online Transfer", "reason":"Reason 1", "date":"2023-08-07", "amount":200.0},
 {"id":132, "sender_account_number":"9012345678", "sender_branch":"Branch C", "receiver_account_number":"8901234567", "receiver_branch":"Branch B", "plus_minus":"plus", "way_of_payment":"Online Transfer", "reason":"Reason 2", "date":"2023-08-07", "amount":300.0},
 {"id":133, "sender_account_number":"9012345678", "sender_branch":"Branch C", "receiver_account_number":"8901234567", "receiver_branch":"Branch B", "plus_minus":"plus", "way_of_payment":"Online Transfer", "reason":"Reason 2", "date":"2023-08-07", "amount":34.0},
 {"id":134, "sender_account_number":"1234567890", "sender_branch":"Branch A", "receiver_account_number":"2345678901", "receiver_branch":"Branch B", "plus_minus":"plus", "way_of_payment":"Online Transfer", "reason":"cause i love you 2", "date":"2023-08-07", "amount":19.0},
 {"id":135, "sender_account_number":"2345678901", "sender_branch":"Branch B", "receiver_account_number":"1234567890", "receiver_branch":"Branch A", "plus_minus":"plus", "way_of_payment":"Online Transfer", "reason":"returning ", "date":"2023-08-07", "amount":120.0},
 {"id":136, "sender_account_number":"1234567890", "sender_branch":"Branch A", "receiver_account_number":"2345678901", "receiver_branch":"Branch B", "plus_minus":"plus", "way_of_payment":"Online Transfer", "reason":"example", "date":"2023-08-07", "amount":16.0},
 {"id":137, "sender_account_number":"1234567890", "sender_branch":"Branch A", "receiver_account_number":"2345678901", "receiver_branch":"Branch B", "plus_minus":"plus", "way_of_payment":"Online Transfer", "reason":"new example", "date":"2023-08-07", "amount":20.0}]